index,fanout,execution_time
1,"(2,2,2)",41.512531
2,"(4,3,2)",49.208805
3,"(8,6,4)",124.069168
4,"(15,10,5)",210.962668
5,"(25,15,5)",290.810082
