fanout,max_memory_allocated
2/2/2,2012.86474609375
4/3/2,2037.52978515625
8/6/4,2159.47998046875
15/10/5,2341.59912109375
25/15/5,2988.8349609375
