index,fanout,max_memory_allocated
1,"(2,2,2)",2011.92333984375
2,"(4,3,2)",2038.41943359375
3,"(8,6,4)",2159.3828125
4,"(15,10,5)",2338.5927734375
5,"(25,15,5)",2992.06298828125
