fanout,max_memory_allocated
2/2/2,2011.92333984375
4/3/2,2038.41943359375
8/6/4,2159.3828125
15/10/5,2338.5927734375
25/15/5,2992.06298828125
